{"max":0.21183509443952678,"peaks":[0.1316410924437525,0.14920553102757553,0.15462951182127577,0.19432796466463037,0.14940438412661447,0.1201955916004553,0.2052402552534714,0.15274361984690554,0.14916022529099837,0.1927414079854717,0.1486897415037642,0.13548808452981936,0.16884972952864516,0.18861874416167648,0.14339141225404015,0.1621019319797431,0.14713398409819864,0.1311371813633866,0.14093864030325484,0.16854821692664385,0.13959420059437994,0.1608573883128345,0.19782658823342164,0.14655685495939907,0.12602721703598038,0.18924802167605995,0.16669550526392427,0.16411209490575496,0.18670749447344223,0.1549171018381723,0.14504817939456402,0.1770227428196269,0.16879990528294345,0.14344863854611248,0.17570915587802996,0.1697228346730641,0.17885106250021854,0.18289854038087577,0.19429301564688917,0.14651314720438635,0.18283717800261737,0.19990677382382002,0.15397170851490533,0.15788970891495613,0.20668297879570427,0.1678515476128213,0.15106695817735333,0.2046315819130631,0.1636885717448378,0.17265954293465974,0.16408227729818703,0.1289412274718289,0.10321954712874673,0.11416003173491229,0.11479414359879361,0.1320742495896784,0.1303376567824784,0.11293218947931187,0.13376125545826797,0.12467901797304042,0.1092136163817895,0.1154503147786944,0.1253667914008888,0.12698447286840367,0.1216709770208612,0.1297266917498479,0.12942837795638426,0.11900429008426125,0.13928642126410667,0.12891019999645256,0.19310071197772682,0.15950708023291524,0.20434335907725643,0.1681945798504923,0.14957169530037173,0.1886068679945581,0.192175037906308,0.16879630584085117,0.19023845212931637,0.2076773894067462,0.16547474750707591,0.16916985338032012,0.21183509443952678,0.16961728366571108,0.16544335240488667,0.210247488942696,0.1701141438231484,0.1680556692707362,0.20440395774780132,0.18385555890620775,0.17512550563141452,0.1997240940282218,0.18503016014925713,0.1823308870223574,0.19293314983891618,0.019767413806058103,0.0015240914204615649,0.000523305955614464,0.00017028064234816135,0.00005471857593094062]}