{"max":0.14282626995413633,"peaks":[0.033499579579410785,0.06014120364834502,0.0714879901643535,0.05365864384479547,0.06146311861574221,0.06381315523849304,0.06502694793370585,0.0930774011286478,0.09934363643381211,0.08268025083694373,0.07847690082562787,0.09433613875213061,0.09300097875978551,0.08796301859782456,0.09718968102957415,0.09309993780455769,0.08428195183552814,0.09034333459372901,0.09868354808755693,0.08811571999829679,0.0772407168631051,0.1085712906267817,0.10598390325638905,0.08041462162796545,0.1017732616873318,0.11040943387996052,0.08990430004664741,0.11033431894568899,0.09631108042762265,0.09801477665225795,0.08809241319535768,0.09900647821743049,0.09309075096378311,0.08158449056926385,0.09794644910972752,0.09570443409166882,0.09119098222029477,0.08467367928956264,0.09505256940956479,0.09472907918730634,0.08220787422218082,0.10666021232552161,0.11288977235048331,0.09700680465186619,0.0928710588685068,0.11307205673705369,0.10244973397865344,0.11863104284005468,0.08021487909547506,0.1075736426369844,0.10573399517119499,0.09982668338848442,0.09093794640025907,0.09518632046532237,0.09657912067523837,0.10459970452442231,0.14282626995413633,0.13792025918981027,0.1276907496858445,0.12049490270194399,0.13455683854971787,0.12650577233531773,0.12143160418916758,0.12083026133155052,0.09723112703751667,0.08078672596359222,0.0894143961029554,0.0965757240794812,0.09329907550355553,0.08672397866126227,0.09204316858367179,0.09327443682412426,0.0785570437490084,0.09620845261202166,0.09659732077786054,0.08294103473972686,0.07746965711104427,0.10951627543296666,0.11390632801523515,0.09488753313427009,0.09915812447344688,0.11564498320147057,0.09891233712712297,0.10198478190214638,0.04748354824729925,0.05319352937463836,0.05371158293190507,0.06296725541501294,0.05323291480601104,0.05498440654745214,0.05888360236614309,0.05045291448148887,0.05761561037595469,0.055481570978671894,0.053017255624467616,0.0597969121251769,0.05885579866761379,0.034054224734438,0.009094838557777884,0.0015673160021560878]}