{"max":0.10693008303196203,"peaks":[0.013238365121952584,0.05954026510289352,0.06514465155278935,0.055993006502705764,0.030432079157424175,0.049024674567609026,0.05950601288736481,0.07877772594411316,0.06380125749620472,0.0719993987760065,0.0656931045537688,0.08335367308946715,0.04273362324658526,0.08010591334363841,0.05949434475207838,0.07089531494196233,0.06606752553701564,0.07988278936332052,0.04409094200944806,0.06851195693268179,0.07587852474303629,0.07379886146962218,0.04497642145959631,0.0951506210941313,0.10693008303196203,0.09234408279084803,0.08942011044787464,0.0645714944367745,0.10678525536237132,0.07747683932987343,0.05014605679327545,0.05126465020502315,0.08678282539537228,0.08089808693462137,0.07402493661781132,0.07720930384785898,0.05700706780079002,0.06528538214343092,0.07995750991512965,0.0725676733575587,0.07872528313496613,0.05026505231058253,0.06140580684818386,0.04525986415349289,0.06224305426555052,0.06677350208807639,0.07772751581857755,0.06506729361811815,0.09513295926797309,0.0776855609754656,0.09129301621097563,0.0900169012351277,0.05517032873897002,0.079653640412929,0.07108499102908518,0.06796283664206253,0.0896066789711169,0.07505722127820157,0.07240958529235803,0.05174989191099424,0.04488076022688102,0.05871103211213821,0.05073736230081086,0.03012419797346043,0.045957089478965,0.04700695255430848,0.06318832515130315,0.06240709928097317,0.054297583399447964,0.05024435938081495,0.08888757359569213,0.07075008759368111,0.049871355891557424,0.04185705787247345,0.05996108356890776,0.047614128036580945,0.07170393990364084,0.05605915853918477,0.08979840806617174,0.07949558610940652,0.05791448588733253,0.07010118069116716,0.05709900929095964,0.0374261732389718,0.07008558031336048,0.05205306284435323,0.09863532724853094,0.07772567531062015,0.055890013027876946,0.09271131501911371,0.08150086396531721,0.043723508204103693,0.05079210388304738,0.03980080931588449,0.030609227675952203,0.0566625522170031,0.020319573270181888,0.007351004173197632,0.00004576891975848437,0.00001484135272273449]}