{"max":0.1892073280111567,"peaks":[0.018679468226061754,0.026613080760363245,0.025473716208321284,0.027109601371370917,0.028581278424487173,0.029092386886118284,0.02948465334021849,0.02843114076747,0.0609595411423282,0.07238422509448077,0.06280148142338432,0.06569796709780298,0.05242058168346395,0.06861805657411373,0.06152640167541435,0.08350228376188293,0.1087542140858374,0.10908103071737263,0.09891779397226458,0.10535765809667536,0.14349822696889813,0.1380763803546792,0.1260563004972263,0.1892073280111567,0.1337836243933729,0.13036802589756416,0.10785190013162597,0.11118350296052598,0.16915419997549352,0.11841745555861764,0.13373407220780284,0.18111915772282194,0.10139740372358254,0.15805779252607874,0.10830691636243155,0.10770845211099528,0.10350564189023093,0.1134001532263436,0.14155928449173757,0.16999416207528203,0.11086892219232673,0.15490823716660945,0.10634735795639817,0.09650020332150054,0.09525713854406592,0.11574588977681532,0.13305952333989746,0.16097626661565467,0.07592627154159681,0.06685513891883564,0.0680166681369714,0.12003984789787078,0.09016854887921703,0.08497769960587408,0.07347061809404398,0.11431732113553361,0.12582522021473316,0.1154864449423434,0.12075970806746728,0.13377484196225267,0.12285067166753537,0.12654934842171423,0.13828082502295191,0.17785971360717737,0.11621487870791684,0.10231108018564894,0.1254025107312234,0.12712465764465145,0.1137376949989017,0.13025105550712116,0.15076357938719764,0.1687932321330802,0.12981938783525476,0.13206616220021583,0.1075211615464779,0.10570378778251337,0.13028587617533802,0.14973085652575796,0.18502074077575467,0.1314794761521207,0.09921210538906286,0.0802710718865897,0.08967952263576263,0.08721642517806696,0.09250056649124541,0.141728202006947,0.15841991858893212,0.1222444281835868,0.13252542869520229,0.10661370570570076,0.14729535986598277,0.13220280012163507,0.13461177175601274,0.15165290656021746,0.1515720769920649,0.12894920783330333,0.08017831205546452,0.01143717851434217,0.0005427975900989258,0.00009401488178244152]}