{"max":0.19622534411671014,"peaks":[0.01688539971327229,0.05779417648358254,0.11634288791206536,0.11445018996806967,0.11094381665659643,0.1496188160927884,0.09379591462740433,0.06508440157336896,0.06599742065654819,0.06882947686679973,0.10003284769101817,0.07810589439570115,0.13250782342378067,0.09530081835757395,0.11051013718036783,0.12974257871034237,0.08432885950679013,0.059166131391625444,0.056640733895215026,0.08486137668492465,0.09449363441152223,0.08126399266806804,0.14818564739140117,0.09359985919285868,0.13024820121744948,0.11321648548852087,0.0707488639268102,0.05864095791102546,0.055721757387294776,0.0897699386208817,0.0834532122825737,0.10554155073363955,0.12830280655417445,0.11581595130781538,0.1588307150421008,0.11443839624922006,0.07970757538348343,0.07248193983870704,0.0692346441498182,0.14207030868254977,0.15793235154190535,0.15816427143198783,0.14701207264721342,0.15774726638261705,0.17756448989977058,0.15071139115012455,0.12605997745825,0.10292055669739733,0.13685316584867518,0.15284173026538758,0.15179309014491746,0.15866596881718711,0.11858166463774081,0.16202385310287054,0.15708664438411177,0.1384401888063902,0.12101733002988808,0.11364749642021052,0.1279589179122126,0.14091014273231084,0.12554455438179077,0.17185933866570444,0.11781665862261384,0.17454909941846333,0.14647328237056847,0.11630528725079685,0.11058920734189256,0.10334813070033415,0.13544102615920497,0.1401895684119971,0.1299968502609648,0.1543131309755821,0.14961503290172262,0.17548997977064604,0.15366116920552558,0.12104761513508214,0.09280795361253734,0.11123323322021152,0.15164444939995164,0.1546056798060563,0.19622534411671014,0.18484228380545992,0.14896666956792884,0.15458145979727655,0.10210203663710747,0.09649082282027116,0.0348943386547415,0.012011062686918025,0.011770991561751388,0.009867303765830476,0.010671565894202675,0.014083853739895307,0.011369547516253332,0.0019932534985071617,0.00039816984779688877,0.00007238595298905962,0.000023093126835508378,0.0000157176172156904,0.000017619001082511425,0.00002169852569297849]}