{"max":0.18801674667951107,"peaks":[0.13659323205577434,0.1771368319986097,0.15439618090842366,0.17571323356869636,0.16301382890130986,0.18657548113567074,0.1560816444183322,0.16002586743803637,0.15104329096269478,0.12499616035385615,0.12136343827630984,0.1269868773862706,0.15965084692757736,0.1691580059599424,0.17358080525385333,0.14975474398095218,0.16041720368782464,0.13806726030110236,0.11274824492222787,0.1483488782763804,0.15750073495811456,0.16184081038808434,0.15320763840369522,0.12907490055735518,0.1452717917010713,0.18745601609255025,0.17322481756718608,0.1852574255580609,0.16879816153508215,0.17377653292524137,0.15477842804754546,0.15925233201713526,0.1714934111804497,0.13123801185725073,0.13287428444963162,0.15484290366788758,0.16827743902439024,0.164629285031864,0.16924173494664635,0.17726217626556148,0.18794509294987155,0.13079921760317864,0.13204529525357103,0.13070852608753952,0.16995439951551208,0.16212233683819585,0.1621577466018801,0.1491552557940944,0.15247318312619976,0.15411774811921297,0.16718770841272865,0.1751706293755646,0.1525453286657704,0.18665328304080567,0.17207789034270551,0.16304434868486054,0.1844438815095345,0.15835967162975667,0.1199969129553763,0.15274272529305696,0.17978309142018828,0.16469729264146482,0.14818613550311935,0.16491096972126948,0.15299169965983514,0.15741995462557165,0.15128392220404951,0.15477434690728742,0.14068576333753247,0.18801674667951107,0.1482841981028046,0.17149393386634063,0.12598750692503669,0.14659175883140668,0.12815569511489386,0.1811160485078972,0.1337364796377456,0.17749456197158,0.1328165364803876,0.1571486199989767,0.1456925466756295,0.1424338024935425,0.12735501476311964,0.13904381011990458,0.13797338304803947,0.16281097605084124,0.1460642458149842,0.17667779579610574,0.1590802768338556,0.1446756342583771,0.11193315321621641,0.12395777866876977,0.12380160585866927,0.16634026200898402,0.1445764970650195,0.14270756474247684,0.14494621573209548,0.08770156377914691,0.0014404980556967028,0.0000388870636622111]}