{"max":0.1045376100244158,"peaks":[0.03724308356417673,0.04098593895238849,0.044084746966054085,0.04235990408385802,0.048906308374984435,0.040521117931796476,0.0454165757744388,0.04296606034129054,0.038802313512592765,0.044912023200675756,0.04541340797434296,0.04127884274048476,0.027913471339417774,0.0824209883063057,0.06468467290512885,0.07027245770029228,0.07880978874055025,0.06606023622645055,0.07050927650178566,0.06906865737230942,0.06856342796083438,0.07677579252143467,0.07203127447866149,0.07305229187919007,0.07510896941997135,0.06410244821382201,0.07218680425438193,0.076710001809062,0.07159665938236864,0.07903067327620286,0.06923437328340891,0.08136375918089528,0.0942514110850528,0.0738930418114555,0.08604629122838067,0.09622104148941865,0.06400907455010652,0.0620587603319186,0.0797909339580883,0.07440238623290754,0.07775183741296993,0.0795176906724055,0.08739729922228044,0.08071312624799439,0.0756259005933642,0.07252227215240112,0.08326067126652108,0.08123085220668982,0.0708282040648064,0.0903442801072802,0.09886353205012742,0.07533160547734384,0.06484356146531292,0.08091324565668341,0.07813073089196773,0.07584989032616073,0.0798027504920846,0.0871015950861974,0.07101150187885794,0.07817911571548504,0.10001100922810335,0.09181113032725353,0.09790794471453113,0.09684181825799087,0.08615617437926325,0.08541378048912554,0.084420258486536,0.09202224698782903,0.0947508928197107,0.08945290162540925,0.07973685589510332,0.08145786684153976,0.09675293295374097,0.08186762720498847,0.09015270554788303,0.10355866634402013,0.09184328873782113,0.06756294886497981,0.07601301048297862,0.09942249430106276,0.08051985959431719,0.08338994454764798,0.08221407602368927,0.08562324996623433,0.07290284774549823,0.09278862914966479,0.0987340727747231,0.1045376100244158,0.08970600490635847,0.09720844518756991,0.09126243496043232,0.07876231574263694,0.09425128996195017,0.08610184046073566,0.08392801555842674,0.10190103544266305,0.08230668393535526,0.08201440390855524,0.01127004198121293,0.0001277334057433087]}