{"max":0.24094961260262718,"peaks":[0.11831911473292428,0.13975969115587203,0.15802646610069288,0.11423106496095518,0.12383752522728558,0.15041833083955447,0.12715313346857365,0.1496810977235817,0.12672737269126755,0.12475598668783805,0.1800805640771159,0.1627566492593764,0.19153851619567733,0.14304317313743806,0.15444180142115393,0.1687616622507337,0.15479608738949008,0.17696149823705867,0.15549571584601982,0.16404866139058052,0.1798640207303356,0.14916881948399147,0.16103218699880192,0.14054494489789834,0.14782724022117394,0.19923276526831876,0.15404820835426133,0.17455589354142328,0.16518272467506448,0.16067201996688493,0.20454446807282992,0.16458007011119966,0.21317136855939944,0.14941356607862374,0.1559164857626902,0.18228402065896146,0.15929556192104832,0.18830043160354834,0.239607929713081,0.20470751732844183,0.21035896776472102,0.15767885270676016,0.24094961260262718,0.1439521483111741,0.15839421170069803,0.19238734641610847,0.14525611403225758,0.1992673913995042,0.22646623076908987,0.21263219869026553,0.1921979157692263,0.17020374661035984,0.2269108654279063,0.17392580552826215,0.1541212474333732,0.19746867417286842,0.15841719610911123,0.2040795551435997,0.14897826572075504,0.17679807296445998,0.1989839022252563,0.1690186032440243,0.20721987729300487,0.17191141147168176,0.18400827270531497,0.20287540268754597,0.15257821090162343,0.19327203247157163,0.12649878989246127,0.1703799998850434,0.11343498568000988,0.10380453631945905,0.09380507316512869,0.07622595433545494,0.09910498127407771,0.08165398850554166,0.09203094310697582,0.08109722577864768,0.08968977548505362,0.09136570688130113,0.08953413011247302,0.10210209621910321,0.09294230070854943,0.0775554665124522,0.09872563441507058,0.08133859512884738,0.08858227321150293,0.087106253565549,0.08006140359368179,0.13241154647461,0.14781881092698967,0.008992698890997408,0.00021088730123880247,0.000015669348292174664,0.000019113703368051063,0.000025270117970720683,0.000010240294632462325,0,0,0]}