{"max":0.11348157634998356,"peaks":[0.055857014027862355,0.05331056958608974,0.05573706943985809,0.0626003715294966,0.06437259366551187,0.0649905471012015,0.06480626718911203,0.07403706487179401,0.06443123147359008,0.062499058889774334,0.06314854550092402,0.0675969527686106,0.07605647592053957,0.06547812266810475,0.06303628475184422,0.05847163960206763,0.05956846857011094,0.055843419980823324,0.061650996525284635,0.05927709234852713,0.05717794419531541,0.05239938403312654,0.07083633822509307,0.05833455310711448,0.05675245139051411,0.05911691455051322,0.05644488244912257,0.05449638522254628,0.056726470944872466,0.07319890779713017,0.06346500174164622,0.06134509023190143,0.05543864595994746,0.05249393629459395,0.05649973248298674,0.06218018495901914,0.06680851957878774,0.07643219877216717,0.06969892305591924,0.0673123381218617,0.06148113929193322,0.06785902085537593,0.07055698853065558,0.06971053078004079,0.05672305979423571,0.061562818744999255,0.06230817086424403,0.05573580315899819,0.06896997575029974,0.06065020716773671,0.062189052813923645,0.05659419500094884,0.08694525524842993,0.05542403242668812,0.05853496620915316,0.056830458240197924,0.06088399139222417,0.0592792847823618,0.06078113875395082,0.06515048737807136,0.06110528302162774,0.05535663924223207,0.05507902399060717,0.056190861064188156,0.06778389596879258,0.06170210634899259,0.06370189079227231,0.074630120168516,0.056747637249744375,0.09672159173407847,0.05691804161933315,0.06680129672233553,0.07104472443928832,0.06333948168880218,0.05723045102625599,0.06319021580359867,0.05820908899438875,0.058664109207306483,0.10145377544417435,0.07413582071905005,0.05661670985156051,0.06119202640155328,0.05934218929582737,0.11348157634998356,0.0614719516510048,0.056513482982870025,0.05692523605700867,0.07362755867588326,0.06829913197975686,0.06060870618114208,0.06331548158317767,0.057436569721217134,0.014703236978356182,0.0001273460340320391,0.00001971993871136023,0.000015369771864064215,0.000003815893845695773,0,0,0]}