{"max":0.2659773759355514,"peaks":[0.014748332944354441,0.04088909184480222,0.048576596228019,0.044685496005418324,0.053828181913567454,0.056099854160215706,0.07198325351075947,0.07646740941058747,0.08710121846298272,0.11261341706146963,0.19640579692856927,0.16803102788921023,0.1691420235722422,0.19658586049795285,0.17310739296700278,0.16190717447957112,0.15538190979242783,0.16325152621636843,0.20312004044328913,0.17523685902507066,0.17048703696243867,0.16532053819774745,0.18758964550423313,0.18976025635569468,0.1697795332577863,0.1922701579514161,0.1672979870175489,0.22193200873937594,0.23159011506201904,0.1574362819814057,0.1711397201235697,0.17014939466411153,0.16728448758193734,0.1924486005647646,0.20074838838673842,0.23201887973563348,0.2285801968737745,0.19166335542949822,0.18181365210350725,0.1759230902885631,0.1808363435845601,0.17546806612718013,0.16125044272006236,0.20439032681234032,0.2258735586117682,0.22300659452690622,0.2047373403219908,0.22005227323481036,0.22425398749876238,0.22866542693168515,0.22203033346785309,0.23008555599330427,0.21827169189528958,0.23696138417860763,0.22351868487207194,0.22759636566565927,0.2407570612788267,0.2263956458004112,0.2371551367691039,0.21607767766163483,0.24409074031500191,0.22299808972132326,0.21699587057753142,0.2270170340828624,0.24886456200622836,0.24512074886363966,0.22390127789272896,0.1946625411825209,0.2175634639740227,0.22067195903946096,0.2181985128397615,0.23840813388837498,0.2558449039386949,0.2550834783257968,0.2350177138075515,0.2239422122462163,0.18840135013997172,0.2178756250330637,0.22243827975758293,0.21447838650969028,0.20858973097696049,0.25390892599934917,0.2659773759355514,0.24588312240404364,0.2367710346478575,0.23256417218962094,0.24565960488986205,0.22580831276153698,0.24026118618157694,0.22615492434992496,0.2396321528637906,0.2527025062460081,0.15779120405023792,0.030221802940826027,0.010717725282782701,0.004488682253668676,0.0019946897252787785,0.0008534930719087796,0.0003138246718138473,0.00007631296293456331]}