{"max":0.1344968954902093,"peaks":[0.12038283241879674,0.07095076552693823,0.07458798360626578,0.057774570763178615,0.05588411105808648,0.06366597251560878,0.12782522614112932,0.1193357635417404,0.08736365099770477,0.07269907483698153,0.05459446257220074,0.04657101946175886,0.10582508938228828,0.11002445328951152,0.09569398499111177,0.10113403562241205,0.0740742854416798,0.07604178935908155,0.07911601197994084,0.09056706930745903,0.05318363084573483,0.05614163696473389,0.03937197289587462,0.05111162524801149,0.06526170833554526,0.1306976975023004,0.1258588685049746,0.0908138941890476,0.09703669506633178,0.10778668764718481,0.1344968954902093,0.10337653327501238,0.09020180736410703,0.059418366872485785,0.039429358960818055,0.05029964915038325,0.06727117824302434,0.11112544634694106,0.06863099037363377,0.06726226432227152,0.12592200613687873,0.08434417050665124,0.07899663744444395,0.10850830049323963,0.09428089238329175,0.08083879781156363,0.11521393058434123,0.06744650887200948,0.10041402987418602,0.06658938282973453,0.13447951118466359,0.08125129489459466,0.10342865163040593,0.06385292580281622,0.05976975823672775,0.05282771771878465,0.11011716670565175,0.1262059829153174,0.09809368446036167,0.11841668503020746,0.07664436896192033,0.07048072253321197,0.0942431716659736,0.07862572329770669,0.102992595299634,0.0748517607778547,0.08964565647192926,0.07218638614871989,0.08892345032452546,0.10613588424573173,0.08491975489811161,0.12475468429271659,0.045159620354876695,0.06061157508812656,0.05788208503190325,0.12124161308061046,0.07939987211418224,0.10429942792386278,0.0620289561702603,0.061119842817307236,0.05206791613857086,0.11663128574554224,0.124726804889522,0.10047332400778818,0.11804551887440204,0.07749394049235855,0.07418023005392291,0.10884264596411308,0.07813986565491621,0.09651113663497354,0.07741987574726017,0.08926026980442207,0.06733283838176331,0.05715621827277835,0.0761827574715879,0.078113303899135,0.12175887537344576,0.04008336281407415,0.026819572578335133,0.002532576504323774]}