{"max":0.09301971002475695,"peaks":[0.0828905146442939,0.08937374323858792,0.07463147179093041,0.0747720551219243,0.06973313161361028,0.06752668103833513,0.07857904725202842,0.07583959912364137,0.06263448316098315,0.07415274629678666,0.06482270416563969,0.07724464125776222,0.08433743581476205,0.08477033196949244,0.09098119503577061,0.06797935999608479,0.07580554448776791,0.08520712049859744,0.07448667980110218,0.07302937762325898,0.07672694462367025,0.06938397401549129,0.0758733365457178,0.07730819615720069,0.06854105920224536,0.07445272150652842,0.07235785491148466,0.07108500016544682,0.05765458279367336,0.0644172144775465,0.08716500804246018,0.07947534443867116,0.0741559624233889,0.04873063906654844,0.0577670558399179,0.07274324055563328,0.07707326371590824,0.0871735083809273,0.0803206055188103,0.06762109396312802,0.0681837826037297,0.0845726671928847,0.075153085891504,0.0830157626707879,0.07667187519330215,0.06429881071045819,0.07273209315476814,0.08231903509243055,0.07375472166541287,0.08460929609306798,0.07674718187262725,0.06773029481275346,0.06780359877020573,0.07995769682650197,0.07118684716904926,0.07496243699192262,0.07003278682154312,0.05893347513434401,0.059414894777308776,0.07775974720925215,0.05965130052799444,0.0681736391969233,0.08347750049871956,0.0560814207547,0.07444733135021181,0.07946680444847941,0.06728286227381863,0.054057622751132614,0.06079663780586151,0.05822874317385648,0.06006720375026805,0.07646533834330892,0.06952495603218514,0.08240775892407662,0.0811385177512246,0.07127891723451901,0.061018666398799444,0.06936952715744638,0.09301971002475695,0.08853332958178453,0.07861736940476496,0.06521980689441587,0.07201152993344379,0.0693327108409084,0.059889183305422485,0.061960699991125946,0.07109866204325575,0.06683009131167666,0.06419807209647074,0.07332316468572599,0.07201344777584356,0.06961749572276846,0.055944500561547726,0.058081778083651184,0.06323699855140355,0.09036815118312419,0.04129453492125405,0.0003733863507621696,0.000015260647737091936,0.000014290183628255407]}