{"max":0.20881571408496064,"peaks":[0.03005594103250019,0.02723875681172398,0.0375341491420689,0.045212842049408654,0.08505133665692383,0.08576694740362721,0.08867543043247428,0.09156929482650641,0.07949942602442506,0.14748433910679737,0.14767122561713283,0.11654101894878856,0.14391726965885376,0.18167994226189343,0.14196668995670683,0.14527585291013842,0.16567770525935505,0.1322491011287363,0.14837094252690522,0.13861524154249932,0.1533147590806646,0.16166152280987958,0.18085092951325177,0.16390222050986247,0.16463766628969828,0.1711820768954582,0.16168568062499405,0.16832646856490768,0.16379274484920472,0.15121178320921552,0.14226546883764404,0.14606902676945877,0.14625545649097652,0.14611106526717466,0.11594968075660866,0.16510805850120383,0.12858713937451277,0.14265781793690105,0.14285911047099606,0.19144727047141794,0.1555114091548798,0.13687875096037064,0.17255072435565294,0.11125039476952293,0.20881571408496064,0.1484360497883471,0.14561745574273416,0.15177628598678863,0.19298308453445273,0.1415992028886582,0.1498621908988059,0.14316809421837565,0.12737926950852196,0.1726185946323823,0.1521534050783924,0.1605623292241156,0.14696082152020506,0.16343443997913776,0.14818862065523272,0.14497983704448872,0.1390957736301683,0.1498691225762711,0.16778527547930888,0.14934076135703267,0.15068686879584228,0.15114388740059087,0.15562049998024297,0.13486209564162563,0.16091599843042906,0.13199041939303982,0.1122586140343945,0.10094944019973333,0.07415777519186616,0.053598530313545785,0.05874253688773958,0.03635589348932585,0.06634617855674342,0.055362901261123365,0.03146801453286621,0.04996693805245451,0.08121181821112289,0.04473946121350443,0.029044611518565085,0.05235806550158532,0.11233762689444807,0.05988963573654263,0.027154056373830622,0.037594038148328165,0.10627898520019086,0.0800149999420658,0.043804095587108065,0.04394840185933103,0.03855943949635282,0.03391232677676738,0.001429926329990778,0.000004534000388604731,0,0,0,0]}