{"max":0.16680318050366413,"peaks":[0.13885600737925222,0.1430253045814066,0.13530113130189436,0.1415330426107345,0.12989030385557418,0.16025165830524485,0.1211681792811398,0.1284529929792931,0.14143583959209277,0.1526565193725735,0.1457917207619333,0.12624964743153333,0.14399645313970208,0.14495131351497334,0.12324062250660667,0.12170717401580831,0.13180541536886592,0.12971135735366265,0.12953540466217534,0.13762237536410826,0.15118066479098144,0.14524185468331455,0.1431200978165159,0.1344519230883852,0.1250679718725364,0.11979139776319107,0.12557687577020357,0.12240644129260689,0.13879807903083358,0.15504651056059693,0.13685553232656314,0.14375249256551564,0.13307777238186416,0.1622822270923047,0.15116487536940632,0.1498065219487488,0.15390710389615722,0.14044321738734233,0.13623477341312898,0.14295775903608393,0.12665991990743783,0.12933942783675975,0.12779150367446046,0.1479855774248631,0.16680318050366413,0.12420676192709569,0.11380646401791694,0.13662030359596988,0.12891787714345734,0.15176378439227164,0.14541273325313855,0.12124113297342817,0.14772467179261536,0.11471681127906509,0.11860299451241545,0.12466783522266102,0.14226386141262884,0.16012056724003013,0.12535521749012443,0.12327833673644548,0.13646506626797097,0.12904767846537302,0.14872445877801607,0.12884355258152635,0.13336743730291264,0.13460091865484708,0.11526087765193739,0.1464089904147735,0.13943872921311287,0.134677180729096,0.1350235699346168,0.12520906962388634,0.12707339521827424,0.15593056212476583,0.11632565221937835,0.14252324054510546,0.1390424112961248,0.11392935138859162,0.12400420020882252,0.140605122804092,0.1258363981155112,0.16547648001603188,0.137590890478509,0.1432549831939329,0.14530018659390154,0.12393575854853117,0.12425056021879344,0.132813893634688,0.15026632992170016,0.16171729138145513,0.13704491515310296,0.1471314391303415,0.14797882572630924,0.12323062865167884,0.14460150375790468,0.1415868082671254,0.15094636694378985,0.02240933121164214,0.0024176159497437863,0.0000010580654787691294]}