{"max":0.17880991331104013,"peaks":[0.0000147582772020653,0.11428241290355687,0.12023935333003062,0.13724038760913496,0.12088807728655912,0.14033297288910754,0.12345193100685145,0.12514658556900102,0.1404322963839591,0.143621197721105,0.15698126747741567,0.13202810730949835,0.15692778202678567,0.13950237700451015,0.15273482988177153,0.1479637576097889,0.16754548180203938,0.1648310640711422,0.16292396705879608,0.16404372507418186,0.16374738275416334,0.1735334157568478,0.168165837597789,0.16000322382036308,0.1722129677682326,0.16796726265559467,0.1738381576156016,0.1640145491080012,0.1706897355163024,0.16833251623453066,0.16524389793405822,0.16683990035314283,0.16558688883277237,0.17819064532351062,0.16833477863547014,0.17582791276987164,0.17880991331104013,0.16865697836974844,0.16605851782939177,0.165697091501454,0.17635374441732238,0.16801400948089323,0.17377969324546133,0.16564876781817856,0.1728213533070453,0.16714853386900116,0.163684041531817,0.17870522773492692,0.17019641694464488,0.17222833135367155,0.16809274867498955,0.08603179981855555,0.07167476938422068,0.0760476050552235,0.07440673668747178,0.07527350860870793,0.07823025813548243,0.07026542896091179,0.1670120786163902,0.15859454874488174,0.16361760499566422,0.15526236237877855,0.15467528816558274,0.17011625262899177,0.1785464284757395,0.1723149319134449,0.16211798031078692,0.16136915179891365,0.16848870431733823,0.1549994091667626,0.1622235599309867,0.16259334486157517,0.16184500976597432,0.15178574368172168,0.15651837260379592,0.16409316822291614,0.15550803728822749,0.16636587850592785,0.1582952759470239,0.16149117517137002,0.16060414534642609,0.16055360238155356,0.1625360327057614,0.1622848046799896,0.16920757689416654,0.1697719184808899,0.1660916815160221,0.1610221109569013,0.16686037112449026,0.16559709938388814,0.16758071685454795,0.1706490652433945,0.171172901393177,0.1642939045903747,0.16497638116733662,0.1690173097938781,0.17173525130293335,0.10575016047381795,0.039326981492505804,0.005334122128321264]}